audio_path,text,duration
data/TRAIN/DR3/MRDS0/SI537.WAV,it_is_one_of_the_rare_public_ventures_here_on_which_nearly_everyone_is_agreed,58369
data/TRAIN/DR7/FKDE0/SX241.WAV,the_hallway_opens_into_a_huge_chamber,44136
data/TRAIN/DR5/MTAT0/SI1740.WAV,probably_around_midnight_give_or_take_an_hour_either_way,50177
data/TRAIN/DR8/MMPM0/SX161.WAV,as_a_precaution_the_outlaws_bought_gunpowder_for_their_stronghold,66151
data/TRAIN/DR2/MMAG0/SI1126.WAV,and_let_me_add_utopianism_also,52840
data/TRAIN/DR7/MWRP0/SX183.WAV,why_else_would_danny_allow_others_to_go,45671
data/TRAIN/DR2/FSCN0/SX446.WAV,thomas_thinks_a_larger_clamp_solves_the_problem,59700
data/TRAIN/DR6/MSDS0/SI2337.WAV,alice_i_tell_you_my_feet_are_like_chopped_beefsteak,59700
data/TRAIN/DR2/MJMA0/SX415.WAV,move_the_garbage_nearer_to_the_large_window,35328
data/TRAIN/DR7/MBTH0/SI757.WAV,stoneware_clay_for_tiles,33690
data/TRAIN/DR4/MTAS0/SX125.WAV,westchester_is_a_county_in_new_york,31437
data/TRAIN/DR7/MTPR0/SX160.WAV,as_coauthors_we_presented_our_new_book_to_the_haughty_audience,67584
data/TRAIN/DR4/MRAB1/SX308.WAV,shipbuilding_is_a_most_fascinating_process,51200
data/TRAIN/DR1/FSJK1/SI2285.WAV,the_girl_nodded_understandingly,31847
data/TRAIN/DR1/MWAR0/SX235.WAV,i_itemize_all_accounts_in_my_agency,43725
data/TRAIN/DR5/FDTD0/SI1561.WAV,the_surgeon_carried_a_cage_of_live_pigeons,50893
data/TRAIN/DR6/FTAJ0/SX339.WAV,did_shawn_catch_that_big_goose_without_help,31949
data/TRAIN/DR4/MJSR0/SX254.WAV,do_they_allow_atheists_in_church,48845
data/TRAIN/DR3/FPAZ0/SX63.WAV,continental_drift_is_a_geological_theory,48128
data/TRAIN/DR4/MSMS0/SI803.WAV,insulate_weatherstrip_double_glaze_to_the_maximum,54477
data/TRAIN/DR6/MTXS0/SI2320.WAV,this_is_the_second_year_your_mothers_donated_my_fishing_tackle_to_the_bazaar,72704
data/TRAIN/DR5/MRAV0/SI1638.WAV,what_possessed_you_to_tell_me_a_clotheshorse_would_be_a_good_idea,52532
data/TRAIN/DR6/MPGR1/SX419.WAV,the_football_team_coach_has_a_watch_thin_as_a_dime,49050
data/TRAIN/DR1/MTJS0/SI1192.WAV,so_of_course_he_stayed_put,37786
data/TRAIN/DR6/MPGR1/SI2129.WAV,his_body_pitched_back_and_forth_on_the_bench,44647
data/TRAIN/DR7/MDED0/SX270.WAV,are_holiday_aprons_available_to_us,41678
data/TRAIN/DR6/FSGF0/SI1557.WAV,they_had_vermouth_sitting_in_front_of_a_cafe,45978
data/TRAIN/DR3/FJLR0/SI1231.WAV,and_their_chroniclers_are_not_the_dramatic_poets_but_the_prose_novelists,69325
data/TRAIN/DR3/MCEF0/SX325.WAV,the_full_moon_shone_brightly_that_night,38298
data/TRAIN/DR5/MDWH0/SX215.WAV,the_sermon_emphasized_the_need_for_affirmative_action,62260
data/TRAIN/DR1/FSAH0/SX327.WAV,al_received_a_joint_appointment_in_the_biology_and_engineering_departments,79975
data/TRAIN/DR2/FCYL0/SX217.WAV,how_permanent_are_their_records,33485
data/TRAIN/DR4/MRFL0/SX256.WAV,the_irate_actor_stomped_away_idiotically,45979
data/TRAIN/DR7/MDED0/SI540.WAV,thus_there_is_a_clearer_division_of_authority_administrative_and_legislative,76392
data/TRAIN/DR5/MDSJ0/SX292.WAV,these_exclusive_documents_must_be_locked_up_at_all_times,55911
data/TRAIN/DR3/MAKB0/SI1646.WAV,your_leg_muscles_and_back_muscles_feel_weary,48845
data/TRAIN/DR6/MCAE0/SX97.WAV,penguins_live_near_the_icy_antarctic,46695
data/TRAIN/DR3/MWGR0/SI976.WAV,now_a_distinguished_old_man_called_on_nine_divinities_to_come_and_join_us,59495
data/TRAIN/DR5/MJDM0/SX440.WAV,the_advertising_verse_of_plymouth_variety_store_never_changes,61952
data/TRAIN/DR7/MCTH0/SX39.WAV,barbs_gold_bracelet_was_a_graduation_present,48231
data/TRAIN/DR5/FLJG0/SX171.WAV,the_diagnosis_was_discouraging_however_he_was_not_overly_worried,80180
data/TRAIN/DR7/MMDG0/SI520.WAV,success_for_many_turnpikes_has_come_hard,51508
data/TRAIN/DR6/MRXB0/SX325.WAV,the_full_moon_shone_brightly_that_night,41677
data/TRAIN/DR2/FPJF0/SX326.WAV,steve_collects_rare_and_novel_coins,36557
data/TRAIN/DR2/MJAE0/SX174.WAV,the_haunted_house_was_a_hit_due_to_outstanding_audio_visual_effects,60621
data/TRAIN/DR1/FECD0/SI788.WAV,we_have_become_amateur_insurance_experts_and_fine_feathered_yard_birds,82535
data/TRAIN/DR2/MJDE0/SI490.WAV,maybe_its_taking_longer_to_get_things_squared_away_than_the_bankers_expected,82024
data/TRAIN/DR4/FPAF0/SI1684.WAV,she_asked_with_a_reportorial_gleam_in_her_eye,45876
data/TRAIN/DR2/MJEB0/SX170.WAV,the_mayan_neoclassic_scholar_disappeared_while_surveying_ancient_ruins,73216
data/TRAIN/DR2/MMAG0/SX316.WAV,that_dog_chases_cats_mercilessly,49256
data/TRAIN/DR3/MDHS0/SX90.WAV,the_thinker_is_a_famous_sculpture,31642
data/TRAIN/DR1/MDAC0/SI1837.WAV,her_hum_became_a_gurgle_of_surprise,35636
data/TRAIN/DR2/FEAC0/SI1245.WAV,object_a_village_crossroads,37888
data/TRAIN/DR8/FJRB0/SI672.WAV,none_should_ask_less,23245
data/TRAIN/DR2/FSKL0/SX89.WAV,its_hard_to_tell_an_original_from_a_forgery,44544
data/TRAIN/DR3/FDJH0/SI2195.WAV,virus_infection_nothing_shed_scream_at_him,49972
data/TRAIN/DR4/MMDM0/SX231.WAV,i_honor_my_mom,25908
data/TRAIN/DR3/FALK0/SX186.WAV,would_a_tomboy_often_play_outdoors,38504
data/TRAIN/DR3/MGAF0/SI1912.WAV,it_cost_us_a_hundred_thousand_dollars_and_thirty_days_lost_time_to_fix_them,60416
data/TRAIN/DR4/MMGC0/SX405.WAV,of_course_you_can_have_another_tunafish_sandwich,37888
data/TRAIN/DR3/MMAR0/SI1966.WAV,although_they_drew_light_ground_fire_they_saw_no_signs_of_activity,78644
data/TRAIN/DR1/MGRL0/SI1497.WAV,from_childhood_he_had_known_all_about_knives,38196
data/TRAIN/DR1/MDPK0/SI1053.WAV,whatever_their_faults_they_are_not_hypocrites,57856
data/TRAIN/DR4/FALR0/SI1955.WAV,like_enough_well_all_be_up_on_top_by_sundown,40960
data/TRAIN/DR7/FMAH1/SX159.WAV,the_government_sought_authorization_of_his_citizenship,53044
data/TRAIN/DR7/MHBS0/SX45.WAV,addition_and_subtraction_are_learned_skills,38810
data/TRAIN/DR2/FDXW0/SX251.WAV,we_apply_auditory_modeling_to_computer_speech_recognition,48231
data/TRAIN/DR7/MDPB0/SX326.WAV,steve_collects_rare_and_novel_coins,41677
data/TRAIN/DR2/MARC0/SX108.WAV,his_scalp_was_blistered_from_todays_hot_sun,37069
data/TRAIN/DR6/FRJB0/SI1794.WAV,but_why_pay_her_bills,28877
data/TRAIN/DR4/MJEE0/SX157.WAV,remove_the_splinter_with_a_pair_of_tweezers,39015
data/TRAIN/DR2/MDPS0/SX449.WAV,ralph_prepared_red_snapper_with_fresh_lemon_sauce_for_dinner,52122
data/TRAIN/DR1/MJWT0/SI751.WAV,serve_in_frankfurter_buns_or_as_a_meat_dish,49255
data/TRAIN/DR2/MEFG0/SI491.WAV,hiring_the_wife_for_ones_company_may_win_her_tax_aided_retirement_income,72807
data/TRAIN/DR3/FMJF0/SX84.WAV,cooperation_along_with_understanding_alleviate_dispute,66151
data/TRAIN/DR1/FCJF0/SI648.WAV,a_sailboat_may_have_a_bone_in_her_teeth_one_minute_and_lie_becalmed_the_next,57856
data/TRAIN/DR6/MSJK0/SI2226.WAV,but_then_redheads_are_often_pale,34407
data/TRAIN/DR8/MBCG0/SX237.WAV,the_courier_was_a_dwarf,26829
data/TRAIN/DR2/MDMT0/SI572.WAV,sewing_brings_numbness_writes_what_makes_my_hands_numb_when_sewing,63386
data/TRAIN/DR7/MBOM0/SX204.WAV,even_i_occasionally_get_the_monday_blues,33997
data/TRAIN/DR5/MREW1/SX60.WAV,the_legislature_met_to_judge_the_state_of_public_education,53965
data/TRAIN/DR3/MAKR0/SI1982.WAV,two_cars_came_over_a_crest_their_chrome_and_glass_flashing,47719
data/TRAIN/DR3/MDLC0/SI1395.WAV,the_elementary_school_child_grows_gradually_in_his_ability_to_work_in_groups,83866
data/TRAIN/DR7/FSPM0/SI1241.WAV,in_many_of_his_poems_death_comes_by_train_a_strongly_evocative_visual_image,88064
data/TRAIN/DR7/FPAB1/SX31.WAV,a_good_attitude_is_unbeatable,35124
data/TRAIN/DR5/MTMT0/SX38.WAV,young_people_participate_in_athletic_activities,45875
data/TRAIN/DR5/MWAC0/SI1601.WAV,two_clotted_balls_the_color_of_mucus_rolled_between_fiery_lids,74445
data/TRAIN/DR3/MDTB0/SI1200.WAV,let_him_become_honest_and_they_discard_him,31130
data/TRAIN/DR5/MRVG0/SX330.WAV,count_the_number_of_teaspoons_of_soysauce_that_you_add,40347
data/TRAIN/DR4/FLHD0/SI1974.WAV,as_if_drawn_by_a_wire_the_enemy_flew_into_them,48128
data/TRAIN/DR4/MJMM0/SX85.WAV,cement_is_measured_in_cubic_yards,36660
data/TRAIN/DR7/FVKB0/SX79.WAV,will_you_please_describe_the_idiotic_predicament,44545
data/TRAIN/DR6/FAPB0/SI1063.WAV,no_question_ruffles_him_or_causes_him_to_hesitate,68916
data/TRAIN/DR5/MRML0/SX161.WAV,as_a_precaution_the_outlaws_bought_gunpowder_for_their_stronghold,74957
data/TRAIN/DR4/MMGC0/SX135.WAV,technical_writers_can_abbreviate_in_bibliographies,45466
data/TRAIN/DR4/FSSB0/SX362.WAV,the_annoying_raccoons_slipped_into_phils_garden_every_night,71885
data/TRAIN/DR1/MPGR0/SI780.WAV,the_side_ones_are_half_inch_narrower,36864
data/TRAIN/DR2/MJEB0/SX296.WAV,the_two_artists_exchanged_autographs,41780
data/TRAIN/DR5/FTBW0/SX265.WAV,the_saw_is_broken_so_chop_the_wood_instead,44442
data/TRAIN/DR7/FKDE0/SI1771.WAV,a_thick_crimson_carpet_muffled_every_footfall,72398
data/TRAIN/DR1/FKFB0/SI1608.WAV,she_smiled_and_teeth_gleamed_in_her_beautifully_modeled_olive_face,76391
data/TRAIN/DR6/MPGR1/SX329.WAV,chip_postponed_alimony_payments_until_the_latest_possible_date,58471
data/TRAIN/DR7/MNTW0/SI2328.WAV,oh_mother_i_saw_them,27956
data/TRAIN/DR7/MDLR0/SI1233.WAV,it_made_no_difference_that_most_evidence_points_to_an_opposite_conclusion,63796
data/TRAIN/DR3/MBEF0/SX291.WAV,the_avalanche_triggered_a_minor_earthquake,34304
data/TRAIN/DR1/MRCG0/SX438.WAV,shell_shock_caused_by_shrapnel_is_sometimes_cured_through_group_therapy,73626
data/TRAIN/DR3/MJRH1/SX244.WAV,herbs_birthday_occurs_frequently_on_thanksgiving,52123
data/TRAIN/DR3/MRWA0/SX163.WAV,they_remained_lifelong_friends_and_companions,44340
data/TRAIN/DR2/FAEM0/SX132.WAV,publicity_and_notoriety_go_hand_in_hand,46285
data/TRAIN/DR5/FCDR1/SI1186.WAV,questions_came_to_me_from_all_sides_about_my_world_citizenship_activities,90215
data/TRAIN/DR5/MSRR0/SI501.WAV,but_this_doesnt_detract_from_its_merit_as_an_interesting_if_not_great_film,70964
data/TRAIN/DR7/MBAR0/SX239.WAV,puree_some_fruit_before_preparing_the_skewers,48333
data/TRAIN/DR3/FSJS0/SI541.WAV,it_helps_those_people_who_help_themselves,60212
data/TRAIN/DR1/MEDR0/SX384.WAV,please_shorten_this_skirt_for_joyce,31232
data/TRAIN/DR6/MTXS0/SX160.WAV,as_coauthors_we_presented_our_new_book_to_the_haughty_audience,67175
data/TRAIN/DR7/FLEH0/SX331.WAV,the_big_dog_loved_to_chew_on_the_old_rag_doll,45876
data/TRAIN/DR8/MRDM0/SI965.WAV,a_tsunami_is_not_a_single_wave_but_a_series,43930
data/TRAIN/DR5/MRAV0/SX198.WAV,norwegian_sweaters_are_made_of_lambs_wool,36250
data/TRAIN/DR8/MMEA0/SI758.WAV,when_mold_has_more_than_one_design_cavity_make_individual_paper_patterns,61236
data/TRAIN/DR5/FCDR1/SX286.WAV,in_every_major_cloverleaf_traffic_sometimes_gets_backed_up,69735
data/TRAIN/DR5/MFER0/SI1492.WAV,there_was_typhoid_and_malaria,26420
data/TRAIN/DR5/FMPG0/SX252.WAV,the_gorgeous_butterfly_ate_a_lot_of_nectar,45671
data/TRAIN/DR4/FBAS0/SX37.WAV,critical_equipment_needs_proper_maintenance,43520
data/TRAIN/DR7/MTMN0/SI582.WAV,it_seems_that_open_season_upon_veterans_hospitalization_is_once_more_upon_us,84890
data/TRAIN/DR2/MEFG0/SX105.WAV,you_must_explicitly_delete_files,39220
data/TRAIN/DR7/MBBR0/SI2315.WAV,junior_what_on_earths_the_matter_with_you,30823
data/TRAIN/DR5/MDSJ0/SX382.WAV,george_is_paranoid_about_a_future_gas_shortage,42599
data/TRAIN/DR3/FLTM0/SI2330.WAV,im_going_to_search_this_house,31642
data/TRAIN/DR5/MTDP0/SI2151.WAV,he_sank_back_sighing_and_was_soon_asleep_again,60826
data/TRAIN/DR4/FDKN0/SX361.WAV,the_speech_symposium_might_begin_monday,46183
data/TRAIN/DR4/MRFL0/SI526.WAV,we_congratulate_the_entire_membership_on_its_record_of_good_legislation,65947
data/TRAIN/DR2/FSRH0/SI1719.WAV,weve_done_our_part,23245
data/TRAIN/DR5/MCLM0/SX16.WAV,a_roll_of_wire_lay_near_the_wall,30823
data/TRAIN/DR7/MJJM0/SI1251.WAV,only_rarely_is_attention_given_to_accurate_progress_reports_and_evaluation,78541
data/TRAIN/DR3/MMSM0/SI476.WAV,so_if_anybody_solicits_by_phone_make_sure_you_mail_the_dough_to_the_above,70043
data/TRAIN/DR5/MMDM1/SI2043.WAV,are_you_a_thrower_of_flame_marine,35021
data/TRAIN/DR7/MTAB0/SX222.WAV,you_always_come_up_with_pathological_examples,51098
data/TRAIN/DR7/MBAR0/SX59.WAV,the_singers_finger_had_a_splinter,30413
data/TRAIN/DR3/MFMC0/SI502.WAV,and_you_think_you_have_language_problems,46388
data/TRAIN/DR4/MJSR0/SI794.WAV,you_should_firmly_insist_that_no_bobby_pins_or_hair_pins_be_worn_in_the_water,82944
data/TRAIN/DR7/FCJS0/SI977.WAV,next_he_addressed_himself_to_our_souls,46285
data/TRAIN/DR6/MAJP0/SI2334.WAV,but_im_so_sunburned_that_every_move_i_make_is_agony,51815
data/TRAIN/DR6/FKLC1/SI1678.WAV,twice_he_nearly_fell,29901
data/TRAIN/DR4/MBWP0/SA1.WAV,she_had_your_dark_suit_in_greasy_wash_water_all_year,56730
data/TRAIN/DR3/MILB0/SI807.WAV,one_of_the_most_desirable_features_for_park_are_beautiful_views_or_scenery,56013
data/TRAIN/DR3/FDFB0/SX58.WAV,we_experience_distress_and_frustration_obtaining_our_degrees,50381
data/TRAIN/DR7/MAFM0/SI2199.WAV,will_you_tell_me_why,17716
data/TRAIN/DR6/FSGF0/SX117.WAV,the_mango_and_the_papaya_are_in_a_bowl,42292
data/TRAIN/DR1/FTBR0/SX21.WAV,alfalfa_is_healthy_for_you,34816
data/TRAIN/DR4/MTRC0/SX273.WAV,the_angry_boy_answered_but_didnt_look_up,30106
data/TRAIN/DR6/FLAG0/SI834.WAV,it_has_multiple_implications_and_possible_headaches_for_your_marketing_program,75572
data/TRAIN/DR4/FDKN0/SX451.WAV,the_thick_elm_forest_was_nearly_overwhelmed_by_dutch_elm_disease,74343
data/TRAIN/DR2/MRMS0/SX120.WAV,the_coyote_bobcat_and_hyena_are_wild_animals,49152
data/TRAIN/DR6/FRJB0/SX257.WAV,we_are_open_every_monday_evening,31642
data/TRAIN/DR5/FJXM0/SX131.WAV,we_plan_to_build_a_new_beverage_plant,42496
data/TRAIN/DR5/FGDP0/SX268.WAV,the_jaw_operates_by_using_antagonistic_muscles,61031
data/TRAIN/DR8/MMLM0/SI897.WAV,they_serve_cracked_wheat_oats_or_cornmeal,36660
data/TRAIN/DR7/MPAR0/SI946.WAV,as_a_rule_part_time_farmers_hire_little_help,37581
data/TRAIN/DR7/MTML0/SX255.WAV,my_ideal_morning_begins_with_hot_coffee,36250
data/TRAIN/DR5/MMWB0/SI989.WAV,the_situation_involved_some_political_perils,54682
data/TRAIN/DR3/MJKR0/SI1831.WAV,behind_him_his_mates_stirred_without_waking,49357
data/TRAIN/DR8/MEJS0/SI1870.WAV,a_bayonet_hung_in_a_belt_scabbard,36967
data/TRAIN/DR2/MKAJ0/SI2044.WAV,wet_also_were_the_marines_fatigues_and_the_face_had_an_oily_film,63079
data/TRAIN/DR3/MDLC0/SX135.WAV,technical_writers_can_abbreviate_in_bibliographies,51712
data/TRAIN/DR4/MGXP0/SX277.WAV,the_rose_corsage_smelled_sweet,44135
data/TRAIN/DR2/FAJW0/SX183.WAV,why_else_would_danny_allow_others_to_go,47309
data/TRAIN/DR6/MRXB0/SI955.WAV,worse_his_present_crew_included_five_men_who_had_sailed_with_him_before,66253
data/TRAIN/DR4/FJWB1/SX75.WAV,fill_that_canteen_with_fresh_spring_water,34714
data/TRAIN/DR3/MREE0/SI1734.WAV,it_was_not_whatever_tale_was_told_by_tails,52225
data/TRAIN/DR2/MKAH0/SX178.WAV,she_encouraged_her_children_to_make_their_own_halloween_costumes,66151
data/TRAIN/DR3/MKLS1/SX285.WAV,rich_purchased_several_signed_lithographs,39834
data/TRAIN/DR6/FPAD0/SI1976.WAV,wingman_stay_clear_he_prayed,40448
data/TRAIN/DR5/FGMB0/SI1775.WAV,the_blue_rug_was_suspiciously_bright_and_new,49051
data/TRAIN/DR3/MAKR0/SX452.WAV,in_developing_film_many_toxic_chemicals_are_used,42292
data/TRAIN/DR5/FSMS1/SX244.WAV,herbs_birthday_occurs_frequently_on_thanksgiving,49869
data/TRAIN/DR7/MTML0/SI2325.WAV,then_may_i_ask_where_these_muddy_foot_prints_came_from,56320
data/TRAIN/DR7/MGAW0/SX265.WAV,the_saw_is_broken_so_chop_the_wood_instead,44443
data/TRAIN/DR5/MRKM0/SX187.WAV,they_often_go_out_in_the_evening,40448
data/TRAIN/DR8/MMLM0/SI2150.WAV,then_he_fled_not_waiting_to_see_if_she_minded_him_or_took_notice_of_his_cry,67994
data/TRAIN/DR4/MBMA0/SX52.WAV,her_classical_performance_gained_critical_acclaim,47514
data/TRAIN/DR5/FSMS1/SX334.WAV,often_youll_get_back_more_than_you_put_in,41268
data/TRAIN/DR3/FDFB0/SI1948.WAV,he_moistened_his_lips_uneasily,25600
data/TRAIN/DR7/FLET0/SX237.WAV,the_courier_was_a_dwarf,25908
data/TRAIN/DR4/MJDC0/SX351.WAV,the_new_suburbanites_worked_hard_on_refurbishing_their_older_home,49153
data/TRAIN/DR8/MRDM0/SX245.WAV,does_hindu_ideology_honor_cows,40346
data/TRAIN/DR7/FJSK0/SI1052.WAV,the_social_and_psychological_consequences_of_this_continue_to_affect_the_area,73831
data/TRAIN/DR7/MFXS0/SI1674.WAV,he_put_it_in_his_own_pocket_for_safekeeping,40039
data/TRAIN/DR2/MDSS0/SI2087.WAV,why_lacerate_the_congregation,33690
data/TRAIN/DR3/MRDS0/SI1167.WAV,we_have_nothing_to_hide_under_a_bushel,29492
data/TRAIN/DR6/FKLC1/SI2308.WAV,may_i_get_some_more_cookies_nora,29082
data/TRAIN/DR8/FNKL0/SI892.WAV,no_chemical_fertilizers_and_poisonous_insecticides_and_fungicides_are_used,75060
data/TRAIN/DR4/MMDM0/SI681.WAV,would_such_an_act_of_refusal_be_useful,39936
data/TRAIN/DR7/MTPR0/SX250.WAV,the_boston_ballet_overcame_their_funding_shortage,57344
data/TRAIN/DR3/MWGR0/SI1606.WAV,infectious_hepatitis_he_shouted_heartily,39220
data/TRAIN/DR6/MEAL0/SX197.WAV,draw_each_graph_on_a_new_axis,29594
data/TRAIN/DR3/FCMG0/SI1142.WAV,research_into_several_cultures_has_proven_her_position_to_be_a_mistaken_one,79156
data/TRAIN/DR3/MKLS1/SX15.WAV,the_museum_hires_musicians_every_evening,46490
data/TRAIN/DR7/FSPM0/SX71.WAV,porcupines_resemble_sea_urchins,36352
data/TRAIN/DR8/FCEG0/SX78.WAV,doctors_prescribe_drugs_too_freely,31540
data/TRAIN/DR2/MHRM0/SX328.WAV,gregory_and_tom_chose_to_watch_cartoons_in_the_afternoon,48948
data/TRAIN/DR3/MREH1/SI969.WAV,what_had_been_the_ambassadors_suite_was_now_jagged_walls_of_blackened_brick,84685
data/TRAIN/DR7/FKDE0/SX61.WAV,chocolate_and_roses_never_fail_as_a_romantic_gift,58676
data/TRAIN/DR3/FEME0/SI1505.WAV,the_blow_encountered_silky_hair_and_hard_bone,50381
data/TRAIN/DR4/FEEH0/SX212.WAV,i_gave_them_several_choices_and_let_them_set_the_priorities,53556
data/TRAIN/DR6/FBCH0/SX56.WAV,academic_aptitude_guarantees_your_diploma,48640
data/TRAIN/DR5/MDAS0/SX96.WAV,masquerade_parties_tax_ones_imagination,42599
data/TRAIN/DR7/FBLV0/SX338.WAV,the_dark_murky_lagoon_wound_around_for_miles,54989
data/TRAIN/DR4/MNET0/SX6.WAV,bright_sunshine_shimmers_on_the_ocean,33485
data/TRAIN/DR6/MCAE0/SX7.WAV,nothing_is_as_offensive_as_innocence,61440
data/TRAIN/DR1/MPSW0/SI2327.WAV,im_sorry_but_i_shall_have_to_search_this_house,33383
data/TRAIN/DR2/MARC0/SI1188.WAV,maybe_they_will_take_us,22938
data/TRAIN/DR4/MTQC0/SI1441.WAV,other_morphological_physical_and_optical_property_values_are_also_given,124621
data/TRAIN/DR2/MKAH0/SI1528.WAV,see_hes_already_snapping_it_up_the_dumb_jerk,46490
data/TRAIN/DR4/MLJH0/SX424.WAV,top_zinnias_rarely_have_crooked_stems,57856
data/TRAIN/DR8/MCXM0/SI721.WAV,this_tool_can_also_be_made_with_a_lathe,35021
data/TRAIN/DR6/FSDJ0/SI485.WAV,both_cars_were_slightly_damaged,32872
data/TRAIN/DR4/MRAB1/SI848.WAV,can_your_insurance_company_aid_you_in_reducing_administrative_costs,65844
data/TRAIN/DR5/MEWM0/SX448.WAV,spherical_gifts_are_difficult_to_wrap,32871
data/TRAIN/DR2/FSKL0/SI1529.WAV,merely_to_satisfy_the_authors_curiosity,46490
data/TRAIN/DR6/MMDB0/SI987.WAV,for_wasp_stings_onion_juice_obtained_by_scraping_an_onion_gave_quick_relief,68404
data/TRAIN/DR3/FSJW0/SI1333.WAV,x_ray_films_of_the_vertebral_column_showed_progression_of_the_demineralization,83252
data/TRAIN/DR2/MJPM0/SI1368.WAV,the_batting_average_of_one_success_out_of_seven_increased_to_one_out_of_three,70759
data/TRAIN/DR4/MLEL0/SX436.WAV,please_sing_just_the_club_theme,46285
data/TRAIN/DR5/MHMG0/SX15.WAV,museum_hires_musicians_every_evening,42189
data/TRAIN/DR2/FSRH0/SI1931.WAV,no_more_could_he_defend_himself_against_them,40244
data/TRAIN/DR5/MVLO0/SX337.WAV,bob_bandaged_both_wounds_with_the_skill_of_a_doctor,47822
data/TRAIN/DR6/MEJL0/SX422.WAV,once_you_finish_greasing_your_chain_be_sure_to_wash_thoroughly,48436
data/TRAIN/DR7/FLEH0/SI1681.WAV,the_sheriffs_swivel_chair_tilted_back,38503
data/TRAIN/DR1/MPSW0/SI1067.WAV,their_gait_is_impossible_to_convey_in_words,37581
data/TRAIN/DR4/MNET0/SI1446.WAV,in_earlier_years_the_preservation_of_food_was_essentially_related_to_survival,61850
data/TRAIN/DR7/MKLR0/SI1059.WAV,they_know_little_about_their_machinery_beyond_mechanical_details,63181
data/TRAIN/DR4/MPEB0/SX240.WAV,its_not_easy_to_create_illuminating_examples,42189
data/TRAIN/DR4/MKAM0/SX146.WAV,cyclical_programs_will_never_compile,39936
data/TRAIN/DR3/FCKE0/SX121.WAV,trespassing_is_forbidden_and_subject_to_penalty,40449
data/TRAIN/DR2/MRHL0/SI2145.WAV,was_she_just_naturally_sloppy_about_everything_but_her_physical_appearance,63693
data/TRAIN/DR2/MRJH0/SI914.WAV,if_you_do_go_to_it,33792
data/TRAIN/DR3/MRBC0/SI1665.WAV,a_foolish_thought_came_into_his_head,39117
data/TRAIN/DR1/MRWS0/SI472.WAV,he_played_basketball_there_while_working_toward_a_law_degree,45467
data/TRAIN/DR6/MESJ0/SI2039.WAV,his_superiors_had_also_preached_this_saying_it_was_the_way_for_eternal_honor,74445
data/TRAIN/DR6/MRMB0/SX51.WAV,ambidextrous_pickpockets_accomplish_more,41370
data/TRAIN/DR5/MGES0/SI2111.WAV,but_roulettes_not_my_game,23552
data/TRAIN/DR5/MHIT0/SX263.WAV,how_oily_do_you_like_your_salad_dressing,37581
data/TRAIN/DR2/MKAH0/SI2158.WAV,for_a_moment_he_felt_like_a_thief_discovered,41575
data/TRAIN/DR7/MSES0/SI1589.WAV,no_she_would_not_pretend_modesty_but_neither_must_she_be_crudely_bold,58880
data/TRAIN/DR7/FJHK0/SI2282.WAV,not_without_good_reason_has_the_anatomical_been_called_jocular_journalese,77927
data/TRAIN/DR7/MKLR0/SX339.WAV,did_shawn_catch_that_big_goose_without_help,41370
data/TRAIN/DR7/FLET0/SI507.WAV,ideally_he_knew_it_should_be_preceded_by_concrete_progress_at_lower_levels,74241
data/TRAIN/DR1/FDAW0/SX146.WAV,cyclical_programs_will_never_compile,42087
data/TRAIN/DR4/MDCD0/SX245.WAV,does_hindu_ideology_honor_cows,39527
data/TRAIN/DR1/MDAC0/SX91.WAV,the_misprint_provoked_an_immediate_disclaimer,36967
data/TRAIN/DR4/FLKM0/SI1880.WAV,he_picked_up_the_powder_canister_and_ran_out,51098
data/TRAIN/DR1/MPGR0/SX420.WAV,seamstresses_attach_zippers_with_a_thimble_needle_and_thread,59290
data/TRAIN/DR5/MRLD0/SX334.WAV,often_youll_get_back_more_than_you_put_in,33792
data/TRAIN/DR5/FDMY0/SX27.WAV,did_dad_do_academic_bidding,50586
data/TRAIN/DR3/MCDD0/SI1513.WAV,he_chuckled_the_memory_vivid,32973
data/TRAIN/DR1/MWAR0/SX415.WAV,move_the_garbage_nearer_to_the_large_window,38810
data/TRAIN/DR1/FECD0/SI1418.WAV,personal_predispositions_tend_to_blunt_the_ear_and_in_turn_the_voice_as_well,89191
data/TRAIN/DR5/FBMH0/SI1766.WAV,we_have_better_rooms_vacant_now_he_babbled,37275
data/TRAIN/DR5/FLOD0/SI1287.WAV,a_covered_container_such_as_a_kitchen_garbage_pail_might_do_as_a_toilet,59802
data/TRAIN/DR7/MKAG0/SI2239.WAV,the_leagues_are_full_of_guys_like_that,38810
data/TRAIN/DR4/MKAM0/SX236.WAV,clear_pronunciation_is_appreciated,39936
data/TRAIN/DR3/MFMC0/SI1762.WAV,if_she_moved_gracefully_she_was_clumsy_at_it,47821
data/TRAIN/DR4/FLKM0/SI686.WAV,others_were_ephemeral,27136
data/TRAIN/DR7/MDLM0/SX244.WAV,herbs_birthday_occurs_frequently_on_thanksgiving,39629
data/TRAIN/DR7/MMDG0/SX430.WAV,those_who_are_not_purists_used_canned_vegetables_when_making_stew,63592
data/TRAIN/DR8/FPLS0/SI960.WAV,no_group_of_officers_came_in_for_more_spirited_denunciation_than_the_doctors,73319
data/TRAIN/DR4/MCDR0/SI1784.WAV,there_was_a_grunt_curiously_inarticulate_like_that_of_an_animal_in_pain,78132
data/TRAIN/DR4/MTAS0/SX35.WAV,help_celebrate_your_brothers_success,31130
data/TRAIN/DR5/FTLG0/SX123.WAV,a_screwdriver_is_made_from_vodka_and_orange_juice,53044
data/TRAIN/DR1/MKLS0/SI1437.WAV,a_concurrent_effort_is_needed_to_make_oceanographic_data_useful_on_the_spot,90010
data/TRAIN/DR5/MBGT0/SX441.WAV,dont_look_for_group_valuables_in_a_bank_vault,43316
data/TRAIN/DR7/MSAH1/SI1679.WAV,deep_enough_he_decided,23450
data/TRAIN/DR8/FPLS0/SX60.WAV,the_legislature_met_to_judge_the_state_of_public_education,53146
data/TRAIN/DR7/MKAG0/SX439.WAV,that_stinging_vapor_was_caused_by_chloride_vaporization,58471
data/TRAIN/DR1/MCPM0/SX114.WAV,the_cartoon_features_a_muskrat_and_a_tadpole,42906
data/TRAIN/DR7/FREH0/SI685.WAV,at_any_rate_it_shows_us_how_immaterial_we_are,41165
data/TRAIN/DR3/MJDA0/SI2291.WAV,that_is_only_partly_non_nonsense_he_began,52020
data/TRAIN/DR3/MTPG0/SX123.WAV,a_screwdriver_is_made_from_vodka_and_orange_juice,41472
data/TRAIN/DR6/FTAJ0/SI1329.WAV,this_birth_length_seems_to_be_typical,32461
data/TRAIN/DR3/MKXL0/SX105.WAV,you_must_explicitly_delete_files,37274
data/TRAIN/DR6/FBCH0/SI1586.WAV,your_voice_is_delightful_he_approved_with_a_warm_smile,60416
data/TRAIN/DR2/MJPM0/SX378.WAV,i_just_saw_jim_near_the_new_archeological_museum,49050
data/TRAIN/DR2/FSKL0/SI2159.WAV,her_face_seemed_to_float_in_an_implausibly_bright_shaft_of_sunlight,64205
data/TRAIN/DR4/MCDR0/SX434.WAV,each_stag_surely_finds_a_big_fawn,41064
data/TRAIN/DR7/MDPB0/SX56.WAV,academic_aptitude_guarantees_your_diploma,42599
data/TRAIN/DR6/MSMR0/SX145.WAV,too_much_curiosity_can_get_you_into_trouble,46388
data/TRAIN/DR3/MREH1/SI1599.WAV,they_moved_toward_the_skiffs_with_shocking_eagerness_elbowing_and_shoving,81101
data/TRAIN/DR4/FPAF0/SI2314.WAV,but_everybody_calls_you_junior,30106
data/TRAIN/DR7/FCJS0/SI1607.WAV,he_travelled_all_over_the_world,28160
data/TRAIN/DR3/MRJB1/SI1413.WAV,in_most_discussions_of_this_phenomenon_the_figures_are_substantially_inflated,82637
data/TRAIN/DR5/MVLO0/SI1777.WAV,were_you_on_duty_here_two_weeks_ago,36558
data/TRAIN/DR1/FKFB0/SI2238.WAV,his_lips_felt_glued_together,35226
data/TRAIN/DR4/FKLC0/SI985.WAV,bathing_the_itching_parts_with_kerosene_gave_relief_and_also_killed_the_pests,81511
data/TRAIN/DR7/MBOM0/SI2274.WAV,no_he_didnt_know_of_any_handyman_carpenter,40244
data/TRAIN/DR3/MDTB0/SX300.WAV,amoebas_change_shape_constantly,32768
data/TRAIN/DR1/FSJK1/SI696.WAV,some_have_walked_through_pain_and_sorrow_to_bring_you_their_message_of_hope,56525
data/TRAIN/DR3/MAPV0/SI1923.WAV,what_did_you_mean_by_that_rattlesnake_gag,43828
data/TRAIN/DR6/MSJK0/SX156.WAV,our_experiments_positive_outcome_was_unexpected,53863
data/TRAIN/DR2/MRLR0/SX116.WAV,clasp_the_screw_in_your_left_hand,35021
data/TRAIN/DR1/MWAR0/SI1675.WAV,the_body_was_heavier_than_he_had_anticipated,43930
data/TRAIN/DR1/MMRP0/SI717.WAV,now_here_is_truly_a_marvel,39834
data/TRAIN/DR5/MWCH0/SI1895.WAV,it_might_hurt_you_though,20480
data/TRAIN/DR2/FLMA0/SI613.WAV,one_upmanship_is_practiced_by_both_sides_in_a_total_war,53863
data/TRAIN/DR4/MESG0/SI702.WAV,we_have_also_seen_the_power_of_faith_at_work_among_us,69940
data/TRAIN/DR2/MKAH0/SI898.WAV,where_can_we_get_this_cereal_he_likes_so_much,43316
data/TRAIN/DR5/MREW1/SX150.WAV,vietnamese_cuisine_is_exquisite,36557
data/TRAIN/DR7/MSAH1/SI2309.WAV,well_wait_until_you_finish_what_youve_got_davy,39732
data/TRAIN/DR3/MDWM0/SI2176.WAV,watch_it_big_shot_a_hoarse_voice_yelled_back,42496
data/TRAIN/DR7/MSDB0/SX197.WAV,draw_each_graph_on_a_new_axis,28468
data/TRAIN/DR3/FJLG0/SX359.WAV,the_system_may_break_down_soon_so_save_your_files_frequently,57754
data/TRAIN/DR8/FCLT0/SI1438.WAV,these_always_contain_metallic_inclusions,45671
data/TRAIN/DR2/FSKL0/SI899.WAV,home_made_sauerkraut_is_served_once_a_week,42701
data/TRAIN/DR3/FALK0/SI658.WAV,the_straight_line_would_symbolize_its_uniqueness_the_circle_of_universality,78644
data/TRAIN/DR3/MDHS0/SI1530.WAV,no_one_will_even_suspect_that_it_is_your_work,41063
data/TRAIN/DR3/MRTC0/SI1458.WAV,a_domestic_automatic_washer_that_will_give_equivalent_results_may_be_used,74957
data/TRAIN/DR7/MBAR0/SX419.WAV,the_football_team_coach_has_a_watch_thin_as_a_dime,46900
data/TRAIN/DR2/MSAT0/SX356.WAV,diane_may_splurge_and_buy_a_turquoise_necklace,36967
data/TRAIN/DR3/MGAF0/SX22.WAV,when_all_else_fails_use_force,29287
data/TRAIN/DR5/MHMG0/SX285.WAV,rich_purchased_several_signed_lithographs,41370
data/TRAIN/DR7/MJRA0/SI1236.WAV,boy_you_aint_fooling_nobody_but_yourself,45261
data/TRAIN/DR1/FDML0/SX69.WAV,eat_your_raisins_outdoors_on_the_porch_steps,41064
data/TRAIN/DR5/MFER0/SX52.WAV,her_classical_performance_gained_critical_acclaim,37274
data/TRAIN/DR7/MKLR0/SX249.WAV,i_ate_every_oyster_on_noras_plate,42189
data/TRAIN/DR5/MTMT0/SI1748.WAV,its_still_unbelievable_that_it_was_murder,39425
data/TRAIN/DR3/MHJB0/SX387.WAV,the_giant_redwoods_shimmered_in_the_glistening_sun,40653
data/TRAIN/DR3/MLNS0/SI777.WAV,ease_in_any_extra_fullness_evenly_around,41677
data/TRAIN/DR4/MJSR0/SX164.WAV,curiosity_and_mediocrity_seldom_coexist,55604
data/TRAIN/DR4/MTQC0/SX91.WAV,the_misprint_provoked_an_immediate_disclaimer,56320
data/TRAIN/DR4/MDMA0/SX350.WAV,many_wealthy_tycoons_splurged_and_bought_both_a_yacht_and_a_schooner,73216
data/TRAIN/DR1/MRCG0/SI1428.WAV,index_words_and_electronic_switches_may_be_reserved_in_the_following_ways,77108
data/TRAIN/DR1/MWAR0/SX145.WAV,too_much_curiosity_can_get_you_into_trouble,43930
data/TRAIN/DR7/MBML0/SX269.WAV,do_atypical_farmers_grow_oats,37787
data/TRAIN/DR7/MDKS0/SX256.WAV,the_irate_actor_stomped_away_idiotically,46490
data/TRAIN/DR1/MPGH0/SX114.WAV,the_cartoon_features_a_muskrat_and_a_tadpole,36762
data/TRAIN/DR3/MAKB0/SX26.WAV,most_young_rise_early_every_morning,40141
data/TRAIN/DR8/FPLS0/SX150.WAV,vietnamese_cuisine_is_exquisite,33178
data/TRAIN/DR2/MJHI0/SX428.WAV,a_crab_challenged_me_but_a_quick_stab_vanquished_him,59700
data/TRAIN/DR4/MSMS0/SX443.WAV,a_lone_star_shone_in_the_early_evening_sky,43930
data/TRAIN/DR6/MTJU0/SX400.WAV,just_drop_notices_in_any_suggestion_box,47002
data/TRAIN/DR8/FMBG0/SI1160.WAV,neither_his_appetites_his_exacerbations_nor_his_despair_were_kin_to_yours,84481
data/TRAIN/DR1/MRSO0/SX39.WAV,barbs_gold_bracelet_was_a_graduation_present,49562
data/TRAIN/DR2/MDMT0/SI2341.WAV,yes_yes_well_let_you_know,24372
data/TRAIN/DR2/MDPS0/SX359.WAV,the_system_may_break_down_soon_so_save_your_files_frequently,56013
data/TRAIN/DR8/FNKL0/SX196.WAV,how_do_oysters_make_pearls,29082
data/TRAIN/DR3/MRJB1/SX120.WAV,the_coyote_bobcat_and_hyena_are_wild_animals,65229
data/TRAIN/DR3/FSJW0/SI1963.WAV,each_plane_carried_two_five_hundred_pound_bombs,48128
data/TRAIN/DR3/MJLG1/SI1642.WAV,youve_not_seemed_like_them_but_maybe_you_are,45159
data/TRAIN/DR4/MRSP0/SI2059.WAV,they_played_crack_the_whip_a_few_minutes_without_mishap,51712
data/TRAIN/DR3/FLJD0/SI1516.WAV,the_word_also_made_him_feel_hate_sincere_hate_for_those_so_labeled,79770
data/TRAIN/DR7/MDLR0/SX333.WAV,an_adult_male_baboons_teeth_are_not_suitable_for_eating_shellfish,66868
data/TRAIN/DR3/MDLC0/SX225.WAV,keep_the_thermometer_under_your_tongue,37684
data/TRAIN/DR3/MTKP0/SI454.WAV,if_you_destroy_confidence_in_banks_you_do_something_to_the_economy_he_said,70247
data/TRAIN/DR5/FBJL0/SI1552.WAV,outside_only_a_handful_of_reporters_remained,49050
data/TRAIN/DR2/FCAJ0/SI849.WAV,would_a_camera_club_be_useful_in_taking_pictures_pertinent_to_plant_safety,55911
data/TRAIN/DR7/MDLC1/SX445.WAV,what_is_this_large_thing_by_the_ironing_board,33485
data/TRAIN/DR3/FSKC0/SX426.WAV,a_moth_zig_zagged_along_the_path_through_ottos_garden,48640
data/TRAIN/DR5/FLJG0/SI981.WAV,a_chaw_of_tobacco_put_on_an_open_wound_was_both_antiseptic_and_healing,78029
data/TRAIN/DR7/MCRE0/SI1121.WAV,in_either_case_they_do_not_appreciate_the_private_detectives_zeal,58881
data/TRAIN/DR8/MRDM0/SI1044.WAV,residential_associations_struggle_to_insulate_themselves_against_intrusions,67175
data/TRAIN/DR6/MJRK0/SX70.WAV,did_you_eat_yet,18637
data/TRAIN/DR5/FTLG0/SX303.WAV,the_bluejay_flew_over_the_high_building,36456
data/TRAIN/DR5/MRVG0/SX240.WAV,its_not_easy_to_create_illuminating_examples,42292
data/TRAIN/DR7/MMDG0/SX70.WAV,did_you_eat_yet,16795
data/TRAIN/DR7/FPAB1/SI1471.WAV,he_looked_lazy_spoiled_a_little_querulous,53965
data/TRAIN/DR3/MHMR0/SX399.WAV,they_assume_no_burglar_will_ever_enter_here,38401
data/TRAIN/DR7/FJRP1/SX82.WAV,good_service_should_be_rewarded_by_big_tips,55706
data/TRAIN/DR3/MKXL0/SX285.WAV,rich_purchased_several_signed_lithographs,38503
data/TRAIN/DR1/MRAI0/SI792.WAV,but_fenced_or_unfenced_no_pool_side_is_the_place_for_running_or_horseplay,78439
data/TRAIN/DR3/MADC0/SX287.WAV,in_the_long_run_it_pays_to_buy_quality_clothing,48743
data/TRAIN/DR5/FTBW0/SI715.WAV,for_me_it_has_more_of_both_elements_than_the_majority_of_its_competitors,73421
data/TRAIN/DR7/MVRW0/SX135.WAV,technical_writers_can_abbreviate_in_bibliographies,45159
data/TRAIN/DR4/MPRK0/SI1727.WAV,check_the_overnighters_out,42907
data/TRAIN/DR4/FALR0/SX155.WAV,the_water_contained_too_much_chlorine_and_stung_his_eyes,48333
data/TRAIN/DR3/MWGR0/SX346.WAV,the_barracuda_recoiled_from_the_serpents_poisonous_fangs,54989
data/TRAIN/DR2/MRLR0/SX296.WAV,the_two_artists_exchanged_autographs,40039
data/TRAIN/DR4/MMGC0/SX315.WAV,bob_found_more_clams_at_the_oceans_edge,46388
data/TRAIN/DR4/MGAG0/SX241.WAV,the_hallway_opens_into_a_huge_chamber,34509
data/TRAIN/DR4/MLBC0/SX339.WAV,did_shawn_catch_that_big_goose_without_help,39527
data/TRAIN/DR7/MFXV0/SI1635.WAV,weve_got_plenty_of_time_to_think_about_that,33076
data/TRAIN/DR5/MSRR0/SI1131.WAV,but_we_cannot_start_off_with_a_clean_slate,43008
data/TRAIN/DR5/FDMY0/SI567.WAV,at_the_left_is_a_pair_of_dressy_straw_pumps_in_a_light_but_crisp_texture,101479
data/TRAIN/DR8/MKRG0/SX31.WAV,a_good_attitude_is_unbeatable,27853
data/TRAIN/DR2/MKAH0/SX358.WAV,george_seldom_watches_daytime_movies,42599
data/TRAIN/DR2/MDWD0/SX180.WAV,almost_all_colleges_are_now_coeducational,41063
data/TRAIN/DR7/MNTW0/SX202.WAV,how_much_allowance_do_you_get,32666
data/TRAIN/DR2/MKDT0/SX83.WAV,my_instructions_desperately_need_updating,42087
data/TRAIN/DR2/MRJM0/SX148.WAV,most_precincts_had_a_third_of_the_votes_counted,45671
data/TRAIN/DR5/FEXM0/SI1101.WAV,then_he_thought_me_more_perverse_than_ever,49972
data/TRAIN/DR2/MRMS0/SX300.WAV,amoebas_change_shape_constantly,33588
data/TRAIN/DR2/MDEM0/SX338.WAV,the_dark_murky_lagoon_wound_around_for_miles,57344
data/TRAIN/DR7/MHBS0/SI1575.WAV,suddenly_she_was_very_mysterious_and_dramatic,41780
data/TRAIN/DR5/MMCC0/SI1338.WAV,no_antigen_was_detectable_in_certain_dark_spherical_areas_in_most_cells,71988
data/TRAIN/DR3/FCMG0/SX162.WAV,her_auburn_hair_reminded_him_of_autumn_leaves,54477
data/TRAIN/DR1/MMGG0/SX179.WAV,we_could_barely_see_the_fjords_through_the_snow_flurries,48333
data/TRAIN/DR1/MCPM0/SX204.WAV,even_i_occasionally_get_the_monday_blues,38810
data/TRAIN/DR8/MCXM0/SX181.WAV,rich_looked_for_spotted_hyenas_and_jaguars_on_the_safari,61748
data/TRAIN/DR2/MRJM1/SI668.WAV,we_are_all_involved_in_them_deeply_involved,46285
data/TRAIN/DR1/MPSW0/SX77.WAV,bagpipes_and_bongos_are_musical_instruments,39629
data/TRAIN/DR2/MDBP0/SI1788.WAV,pretty_girls_among_them_with_blonde_hair_and_pert_faces,53249
data/TRAIN/DR2/MRJH0/SX259.WAV,tornados_often_destroy_acres_of_farm_land,54477
data/TRAIN/DR4/MJPM1/SX221.WAV,cory_attacked_the_project_with_extra_determination,48948
data/TRAIN/DR7/MNTW0/SI1068.WAV,any_organism_that_falters_or_misperceives_the_signals_or_weakens_is_done,85300
data/TRAIN/DR2/MRJM1/SX128.WAV,lots_of_foreign_movies_have_subtitles,37172
data/TRAIN/DR4/FSAK0/SI1930.WAV,a_rabbit_punch_redoubled_him,26829
data/TRAIN/DR4/MJLB0/SX266.WAV,withdraw_only_as_much_money_as_you_need,37172
data/TRAIN/DR4/MESG0/SI1962.WAV,another_snarled_close_overhead,31130
data/TRAIN/DR1/MJEB1/SI2097.WAV,left_mine_many_a_time_only_she_never_knew_it,56320
data/TRAIN/DR3/MRJB1/SX300.WAV,amoebas_change_shape_constantly,40960
data/TRAIN/DR6/FSDJ0/SX305.WAV,cottage_cheese_with_chives_is_delicious,37684
data/TRAIN/DR1/MKLW0/SI1844.WAV,hello_anyone_at_home,24576
data/TRAIN/DR6/FSGF0/SX27.WAV,did_dad_do_academic_bidding,32973
data/TRAIN/DR5/FLMK0/SX315.WAV,bob_found_more_clams_at_the_oceans_edge,45568
data/TRAIN/DR8/MMEA0/SI2018.WAV,they_were_shattered,16180
data/TRAIN/DR2/MDLC2/SI984.WAV,since_a_fall_or_blow_might_have_caused_it_a_cold_pack_was_usually_first_aid,62260
data/TRAIN/DR5/FJXM0/SX221.WAV,cory_attacked_the_project_with_extra_determination,47207
data/TRAIN/DR5/MMWB0/SI2249.WAV,did_you_know_he_is_advertising_his_ham_radio_equipment_for_sale_this_weekend,94208
data/TRAIN/DR1/FETB0/SX68.WAV,upgrade_your_status_to_reflect_your_wealth,42907
data/TRAIN/DR5/MDSJ0/SI2092.WAV,go_change_your_shoes_before_you_turn_around,33895
data/TRAIN/DR7/MJFR0/SI2235.WAV,you_dont_belong_in_professional_baseball,41063
data/TRAIN/DR4/FKDW0/SI1207.WAV,but_they_would_reconsider_it_they_assured_him_if_he_would_rewrite_it,75981
data/TRAIN/DR4/FCAG0/SX423.WAV,smash_lightbulbs_and_their_cash_value_will_diminish_to_nothing,55501
data/TRAIN/DR4/MFRM0/SI1785.WAV,on_the_bare_floorboards_a_man_lay_face_down,44648
data/TRAIN/DR5/FMPG0/SI972.WAV,we_send_shovels_cement_nails_and_corrugated_iron_for_roofs,85504
data/TRAIN/DR5/FDMY0/SI714.WAV,other_interpretations_present_the_music_as_an_essentially_intimate_creation,105370
data/TRAIN/DR2/MJRP0/SX45.WAV,addition_and_subtraction_are_learned_skills,40960
data/TRAIN/DR4/MPEB0/SI600.WAV,originals_are_not_necessarily_good_and_adaptations_are_not_necessarily_bad,67277
data/TRAIN/DR7/MCLK0/SI1660.WAV,the_car_door_crashed_shut,26829
data/TRAIN/DR2/FLMC0/SX22.WAV,when_all_else_fails_use_force,38503
data/TRAIN/DR1/MRAI0/SI1954.WAV,honey_he_whispered,24064
data/TRAIN/DR6/MMDB0/SX447.WAV,first_add_milk_to_the_shredded_cheese,30823
data/TRAIN/DR6/MTJU0/SI760.WAV,opaque_cantaloupe_and_transparent_wood_brown_were_used,50586
data/TRAIN/DR5/MSAS0/SX386.WAV,which_church_do_the_smiths_worship_in,44647
data/TRAIN/DR7/MJAI0/SI1604.WAV,he_believed_that_brave_boys_didnt_cry,43111
data/TRAIN/DR4/MRAB1/SI1478.WAV,he_did_not_mind_the_useless_kindly_questions,48231
data/TRAIN/DR4/MGXP0/SI525.WAV,the_desire_and_ability_to_read_are_important_aspects_of_our_cultural_life,73831
data/TRAIN/DR3/MCEF0/SI1765.WAV,no_other_visitor_inquired_for_her_that_evening,42394
data/TRAIN/DR3/FPAZ0/SX153.WAV,scholastic_aptitude_is_judged_by_standardized_tests,56832
data/TRAIN/DR3/FLTM0/SX260.WAV,remember_to_allow_identical_twins_to_enter_freely,53658
data/TRAIN/DR7/MCRE0/SI1751.WAV,one_more_muddleheaded_play_like_that_one_and_theyd_be_leading_him_away,61953
data/TRAIN/DR2/MRCW0/SX381.WAV,we_welcome_many_new_students_each_year,35328
data/TRAIN/DR7/MDLC1/SI2065.WAV,lifting_her_skirts_she_climbed_in_never_relinquishing_her_grip_on_his_arm,63898
data/TRAIN/DR3/MTLB0/SX234.WAV,the_paper_boy_bought_two_apples_and_three_ices,43520
data/TRAIN/DR7/MGAW0/SI1802.WAV,our_hypothetical_other_bum_who_killed_him_would_have_turned_out_his_pockets,59905
data/TRAIN/DR2/MJRP0/SX225.WAV,keep_the_thermometer_under_your_tongue,33178
data/TRAIN/DR6/FBCH0/SX416.WAV,a_huge_power_outage_rarely_occurs,61133
data/TRAIN/DR3/MHJB0/SI1647.WAV,if_it_ever_got_behind_me_the_beep_turned_to_a_buzz,46490
data/TRAIN/DR8/FNKL0/SX172.WAV,the_triumphant_warrior_exhibited_naive_heroism,51917
data/TRAIN/DR1/FDAW0/SX326.WAV,steve_collects_rare_and_novel_coins,45978
data/TRAIN/DR8/MRDM0/SX425.WAV,movies_never_have_enough_villains,29594
data/TRAIN/DR4/MCSS0/SX210.WAV,jeffs_toy_go_cart_never_worked,37479
data/TRAIN/DR5/FTLG0/SI483.WAV,this_staff_deserves_a_lot_of_credit_working_down_here_under_real_obstacles,76904
data/TRAIN/DR3/MHMR0/SI1119.WAV,the_record_teems_with_romance_and_adventure,40654
data/TRAIN/DR6/MSAT1/SX443.WAV,a_lone_star_shone_in_the_early_evening_sky,45978
data/TRAIN/DR6/MKLN0/SI2228.WAV,suppose_whats_his_name_got_a_sunburn,36660
data/TRAIN/DR3/FLJD0/SI2146.WAV,but_it_was_a_hopeful_sign_he_told_himself,38708
data/TRAIN/DR7/MMDG0/SI2035.WAV,he_felt_a_good_deal_less_shaky,33486
data/TRAIN/DR3/MAPV0/SX213.WAV,the_news_agency_hired_a_great_journalist,49357
data/TRAIN/DR4/FCAG0/SI1641.WAV,were_you_in_love_with_that_girl,23860
data/TRAIN/DR2/MJMA0/SI1495.WAV,two_gas_lamps_were_no_more_than_a_misleading_glow,47412
data/TRAIN/DR7/MCRE0/SX24.WAV,although_always_alone_we_survive,36558
data/TRAIN/DR7/MCTH0/SI579.WAV,usually_they_titter_loudly_after_they_have_passed_by,56628
data/TRAIN/DR2/MDBP0/SX78.WAV,doctors_prescribe_drugs_too_freely,37172
data/TRAIN/DR3/MDJM0/SI1455.WAV,the_single_curve_line_represents_a_specific_formulation_in_a_test_example,74240
data/TRAIN/DR7/FMAH1/SI2139.WAV,then_the_telephoning_began,28058
data/TRAIN/DR7/MRLJ1/SX231.WAV,i_honor_my_mom,18330
data/TRAIN/DR7/MADD0/SX448.WAV,spherical_gifts_are_difficult_to_wrap,41371
data/TRAIN/DR1/MDAC0/SI631.WAV,program_note_reads_as_follows_take_hands_this_urgent_visage_beckons_us,82228
data/TRAIN/DR5/FSMM0/SI1944.WAV,the_former_scouts_alibi_couldnt_be_shaken,42292
data/TRAIN/DR3/MJRH1/SI514.WAV,youre_afraid_to_talk_to_a_guy_you_idolize,44852
data/TRAIN/DR2/MKAH0/SX448.WAV,spherical_gifts_are_difficult_to_wrap,44544
data/TRAIN/DR1/MTRR0/SI918.WAV,we_know_that_actors_can_learn_to_portray_a_wide_variety_of_character_roles,66048
data/TRAIN/DR7/MAFM0/SI939.WAV,impressions_often_appear_in_a_symbolic_form_and_cannot_be_taken_at_face_value,63181
data/TRAIN/DR2/MTJG0/SX440.WAV,the_advertising_verse_of_plymouth_variety_store_never_changes,61133
data/TRAIN/DR2/MEFG0/SX285.WAV,rich_purchased_several_signed_lithographs,45672
data/TRAIN/DR2/MCTM0/SX360.WAV,i_assume_moisture_will_damage_this_ships_hull,47514
data/TRAIN/DR4/MMBS0/SI1781.WAV,the_shadow_vanished,32462
data/TRAIN/DR3/FSKC0/SX246.WAV,how_ancient_is_this_subway_escalator,37684
data/TRAIN/DR2/MTAT1/SI779.WAV,the_keelson_made_of_two_three_inch_widths_is_next_installed,71271
data/TRAIN/DR5/MJRG0/SI1996.WAV,you_shall_see_her_at_dinner,22733
data/TRAIN/DR7/MJJM0/SI1457.WAV,the_mixing_head_moves_back_and_forth_slowly_across_the_width_of_the_receptacle,58368
data/TRAIN/DR3/MREH1/SX429.WAV,a_toothpaste_tube_should_be_squeezed_from_the_bottom,52020
data/TRAIN/DR3/MRTC0/SI2088.WAV,hed_had_no_idea_how_unhappy_his_sweet_peach_had_been,59700
data/TRAIN/DR4/MGRP0/SI1317.WAV,being_based_on_so_few_events_these_results_are_of_dubious_validity,68916
data/TRAIN/DR8/MMEA0/SX128.WAV,lots_of_foreign_movies_have_subtitles,35021
data/TRAIN/DR2/MJEB0/SI1916.WAV,perhaps_it_was_all_a_vividly_conceived_dream,44647
data/TRAIN/DR4/MPRK0/SI467.WAV,he_really_crucified_him_he_nailed_it_for_a_yard_loss,67585
data/TRAIN/DR6/FBCH0/SI959.WAV,sometimes_soldiers_wrote_letters_while_bullets_were_whizzing_about_their_heads,74752
data/TRAIN/DR3/MMAM0/SI2227.WAV,youre_having_a_miserable_time_arent_you,30720
data/TRAIN/DR7/MBTH0/SI505.WAV,this_excellent_foreign_bomb_takes_only_six,46388
data/TRAIN/DR4/MJPM1/SX401.WAV,the_taxicab_broke_down_and_caused_a_traffic_jam,47002
data/TRAIN/DR1/FTBR0/SI2181.WAV,part_collie_part_wire_haired_terrier,39322
data/TRAIN/DR4/MPEB0/SX60.WAV,the_legislature_met_to_judge_the_state_of_public_education,52020
data/TRAIN/DR4/MPEB0/SI1860.WAV,were_not_drunkards_she_said,26624
data/TRAIN/DR5/MSRR0/SI1761.WAV,hiding_out_like_this_wont_get_him_anything_except_more_trouble_or_bullet,66868
data/TRAIN/DR4/MJMM0/SI625.WAV,a_tiny_handful_never_did_make_the_concert,37684
data/TRAIN/DR2/MDLC2/SX354.WAV,a_lawyer_was_appointed_to_execute_her_will,35431
data/TRAIN/DR5/FDTD0/SX121.WAV,trespassing_is_forbidden_and_subject_to_penalty,52532
data/TRAIN/DR1/FMEM0/SX387.WAV,the_giant_redwoods_shimmered_in_the_glistening_sun,60724
data/TRAIN/DR5/MRLD0/SX154.WAV,orange_juice_tastes_funny_after_toothpaste,36455
data/TRAIN/DR3/MJDA0/SI1661.WAV,do_you_know_where_might_have_gone,37581
data/TRAIN/DR3/MRDS0/SX447.WAV,first_add_milk_to_the_shredded_cheese,35944
data/TRAIN/DR2/MKAJ0/SX334.WAV,often_youll_get_back_more_than_you_put_in,31949
data/TRAIN/DR4/MTRC0/SI993.WAV,he_met_nobody_he_knew_on_this_walk,31744
data/TRAIN/DR2/FTMG0/SX452.WAV,in_developing_film_many_toxic_chemicals_are_used,53044
data/TRAIN/DR2/MDPS0/SI719.WAV,industry_interest_in_safety_goes_even_farther,44032
data/TRAIN/DR2/FDXW0/SX341.WAV,the_high_security_prison_was_surrounded_by_barbed_wire,42394
data/TRAIN/DR4/MPRT0/SI580.WAV,too_often_unless_he_hails_them_they_pass_him_by,44852
data/TRAIN/DR6/MBMA1/SX144.WAV,the_willowy_woman_wore_a_muskrat_coat,48333
data/TRAIN/DR2/FJKL0/SI1562.WAV,was_it_a_birthday_ball,19764
data/TRAIN/DR1/MPGH0/SI675.WAV,both_eventualities_are_possible_logically_but_practically_they_are_impossible,65741
data/TRAIN/DR5/MSRR0/SX141.WAV,pledge_to_participate_in_nevadas_aquatic_competition,59802
data/TRAIN/DR2/MPPC0/SI2042.WAV,you_came_well_equipped_to_die,26522
data/TRAIN/DR2/MJBG0/SX422.WAV,once_you_finish_greasing_your_chain_be_sure_to_wash_thoroughly,60109
data/TRAIN/DR2/MJHI0/SX338.WAV,the_dark_murky_lagoon_wound_around_for_miles,50381
data/TRAIN/DR2/MMXS0/SI2136.WAV,each_of_us_had_his_own_specialty_besides,44237
data/TRAIN/DR1/MTJS0/SX202.WAV,how_much_allowance_do_you_get,34919
data/TRAIN/DR5/MDAS0/SI1266.WAV,twenty_nine_exhibits_received_awards,38503
data/TRAIN/DR7/MKLR0/SX429.WAV,toothpaste_tube_should_be_squeezed_from_the_bottom,40448
data/TRAIN/DR3/FJLG0/SI1506.WAV,they_were_pursuing_him,25191
data/TRAIN/DR6/FHXS0/SX355.WAV,dolphins_are_intelligent_marine_mammals,47104
data/TRAIN/DR4/MFWK0/SX349.WAV,the_preschooler_couldnt_verbalize_her_feelings_about_the_emergency_conditions,67892
data/TRAIN/DR5/MVLO0/SX247.WAV,the_cigarettes_in_the_clay_ashtray_overflowed_onto_the_oak_table,57345
data/TRAIN/DR5/MWSH0/SI796.WAV,the_filtered_air_benefits_allergies_asthma_sinus_hay_fever,75879
data/TRAIN/DR7/FVKB0/SI529.WAV,wooded_stream_valleys_in_the_folds_of_earth_would_be_saved,54580
data/TRAIN/DR3/MCDD0/SX433.WAV,the_overweight_charmer_could_slip_poison_into_anyones_tea,48845
data/TRAIN/DR2/FMMH0/SI907.WAV,somehow_we_old_timers_never_figured_we_would_ever_retire,51712
data/TRAIN/DR5/MVLO0/SX157.WAV,remove_the_splinter_with_a_pair_of_tweezers,36968
data/TRAIN/DR3/MTJM0/SI1226.WAV,the_wheel_of_social_life_spun_around_the_royal_or_aristocratic_centre,61338
data/TRAIN/DR2/MJMA0/SI2125.WAV,his_black_hat_with_its_wide_brim_high_crown_and_fur_trim_rode_high,71271
data/TRAIN/DR3/MKXL0/SI1815.WAV,mike_was_of_legal_age_and_presumed_able_to_defend_himself_in_the_clinches,71066
data/TRAIN/DR7/FLET0/SI1137.WAV,his_name_became_synonymous_with_cold_blooded_cruelty,49563
data/TRAIN/DR4/MLJH0/SX154.WAV,orange_juice_tastes_funny_after_toothpaste,53248
data/TRAIN/DR5/MTMT0/SX128.WAV,lots_of_foreign_movies_have_subtitles,37377
data/TRAIN/DR1/MPGR0/SI1410.WAV,we_will_achieve_a_more_vivid_sense_of_what_it_is_by_realizing_what_it_is_not,65639
data/TRAIN/DR1/MMGG0/SI1079.WAV,boys_and_men_go_along_the_riverbank_or_to_the_alcoves_in_the_top_arcade,74138
data/TRAIN/DR7/MCTH0/SX129.WAV,angora_cats_are_furrier_than_siamese,44237
data/TRAIN/DR8/MRRE0/SI952.WAV,that_experience_holds_a_lesson_for_us_all_in_regard_to_birth_control_today,79565
data/TRAIN/DR4/MJSR0/SX434.WAV,each_stag_surely_finds_a_big_fawn,52429
data/TRAIN/DR7/MGAR0/SX402.WAV,well_serve_rhubarb_pie_after_rachels_talk,49050
data/TRAIN/DR3/FSKC0/SX66.WAV,we_got_drenched_from_the_uninterrupted_rain,40756
data/TRAIN/DR5/FDMY0/SX297.WAV,rock_and_roll_music_has_a_great_rhythm,48128
data/TRAIN/DR7/MRLJ1/SI2332.WAV,i_saw_your_horse_outside,24986
data/TRAIN/DR5/MMDM1/SX63.WAV,continental_drift_is_a_geological_theory,44237
data/TRAIN/DR5/MSAS0/SX206.WAV,when_peeling_an_orange_it_is_hard_not_to_spray_juice,59700
data/TRAIN/DR3/MBEF0/SX111.WAV,his_sudden_departure_shocked_the_cast,33792
data/TRAIN/DR2/MJHI0/SI1328.WAV,it_is_possible_to_make_a_few_generalizations_about_the_six_giants_themselves,78029
data/TRAIN/DR2/MCEW0/SI1442.WAV,the_data_are_presented_in_lists_and_tables,52429
data/TRAIN/DR2/MDEM0/SI800.WAV,the_simplest_kind_of_separate_system_uses_a_single_self_contained_unit,83764
data/TRAIN/DR4/MJLB0/SX356.WAV,diane_may_splurge_and_buy_a_turquoise_necklace,44749
data/TRAIN/DR6/FSDJ0/SI1745.WAV,this_one_came_a_bit_high_at_thirty_thousand_or_more,41576
data/TRAIN/DR5/FGMB0/SX245.WAV,does_hindu_ideology_honor_cows,49972
data/TRAIN/DR4/MTRT0/SX57.WAV,the_prowler_wore_a_ski_mask_for_disguise,44852
data/TRAIN/DR4/FEEH0/SX302.WAV,tofu_is_made_from_processed_soybeans,45774
data/TRAIN/DR3/MCEF0/SI842.WAV,are_planning_and_strategy_development_emphasized_sufficiently_in_your_company,66868
data/TRAIN/DR3/FCKE0/SI1111.WAV,how_do_we_define_it,18331
data/TRAIN/DR8/FMBG0/SX350.WAV,many_wealthy_tycoons_splurged_and_bought_both_a_yacht_and_a_schooner,58164
data/TRAIN/DR5/FCDR1/SX106.WAV,a_huge_tapestry_hung_in_her_hallway,50381
data/TRAIN/DR7/FJSK0/SX152.WAV,mosquitoes_exist_in_warm_humid_climates,49460
data/TRAIN/DR8/FBCG1/SX262.WAV,can_the_agency_overthrow_alien_forces,41677
data/TRAIN/DR3/MAKB0/SI1016.WAV,to_keep_em_scattered_somewhat_and_yet_herd_em_was_called_loose_herdin,96871
data/TRAIN/DR3/MDLC0/SX315.WAV,bob_found_more_clams_at_the_oceans_edge,46080
data/TRAIN/DR7/MJDG0/SX412.WAV,gwen_planted_green_beans_in_her_vegetable_garden,42804
data/TRAIN/DR3/FGRW0/SX252.WAV,the_gorgeous_butterfly_ate_a_lot_of_nectar,42907
data/TRAIN/DR3/MVJH0/SX296.WAV,the_two_artists_exchanged_autographs,37684
data/TRAIN/DR2/FSKL0/SX449.WAV,ralph_prepared_red_snapper_with_fresh_lemon_sauce_for_dinner,52020
data/TRAIN/DR1/MRAI0/SX162.WAV,her_auburn_hair_reminded_him_of_autumn_leaves,50279
data/TRAIN/DR6/FAPB0/SI1693.WAV,it_was_awkward_very_awkward,42701
data/TRAIN/DR7/MADD0/SI1798.WAV,well_both_be_blowing_town_tomorrow_so_we_wont_be_moving_in_on_you,56424
data/TRAIN/DR7/FBLV0/SX158.WAV,the_drunkard_is_a_social_outcast,36148
data/TRAIN/DR4/MRAB1/SX38.WAV,young_people_participate_in_athletic_activities,48743
data/TRAIN/DR1/MJWT0/SI1381.WAV,but_briefly_the_topping_configuration_must_be_examined_for_its_inferences,74240
data/TRAIN/DR4/MSTF0/SI1396.WAV,teacher_assignment_in_order_to_desegregate,53556
data/TRAIN/DR4/MJAC0/SX341.WAV,the_high_security_prison_was_surrounded_by_barbed_wire,50279
data/TRAIN/DR1/MMRP0/SX54.WAV,the_eastern_coast_is_a_place_for_pure_pleasure_and_excitement,61952
data/TRAIN/DR3/FSLS0/SX426.WAV,a_moth_zig_zagged_along_the_path_through_ottos_garden,54887
data/TRAIN/DR3/FSKC0/SI1416.WAV,necessary_retouching_was_put_on_at_once,42189
data/TRAIN/DR3/FDJH0/SI1565.WAV,they_often_threw_tidbits_overboard,38912
data/TRAIN/DR7/MKLR0/SX159.WAV,the_government_sought_authorization_of_his_citizenship,47104
data/TRAIN/DR7/MBBR0/SX155.WAV,the_water_contained_too_much_chlorine_and_stung_his_eyes,49767
data/TRAIN/DR7/MTER0/SX257.WAV,we_are_open_every_monday_evening,38913
data/TRAIN/DR5/MMAB1/SI864.WAV,the_long_and_ever_increasing_column_of_sportsmen_is_now_moving_into_a_new_era,80384
data/TRAIN/DR4/MCSS0/SI688.WAV,the_dead_spirits_occupied_a_prominent_place_in_every_hope_and_in_every_fear,76800
data/TRAIN/DR3/MJRH1/SX424.WAV,top_zinnias_rarely_have_crooked_stems,44648
data/TRAIN/DR2/MTAT1/SX59.WAV,the_singers_finger_had_a_splinter,37069
data/TRAIN/DR2/FMKF0/SI906.WAV,it_took_a_tragedy_to_bring_things_to_a_head,54375
data/TRAIN/DR5/FEXM0/SX111.WAV,his_sudden_departure_shocked_the_cast,49256
data/TRAIN/DR7/MGAR0/SI1694.WAV,someone_reasonably_trustworthy,34816
data/TRAIN/DR5/FSMM0/SX234.WAV,the_paper_boy_bought_two_apples_and_three_ices,60928
data/TRAIN/DR2/MMXS0/SX156.WAV,our_experiments_positive_outcome_was_unexpected,45056
data/TRAIN/DR6/MSVS0/SI938.WAV,superior_new_material_for_orthodontic_work_is_another_result_of_research,76596
data/TRAIN/DR2/FLMA0/SI1243.WAV,ideas_are_the_thruway_to_nowhere,31642
data/TRAIN/DR3/MAPV0/SX393.WAV,she_uses_both_names_interchangeably,42292
data/TRAIN/DR5/MSDH0/SI2113.WAV,hows_your_luck_honey,20378
data/TRAIN/DR2/FPJF0/SX236.WAV,clear_pronunciation_is_appreciated,39015
data/TRAIN/DR7/MDLC1/SX355.WAV,dolphins_are_intelligent_marine_mammals,38093
data/TRAIN/DR4/MGAG0/SX61.WAV,chocolate_and_roses_never_fail_as_a_romantic_gift,43725
data/TRAIN/DR7/MTWH1/SX72.WAV,spring_street_is_straight_ahead,28263
data/TRAIN/DR2/FMMH0/SX420.WAV,seamstresses_attach_zippers_with_a_thimble_needle_and_thread,61543
data/TRAIN/DR2/FCYL0/SX349.WAV,the_preschooler_couldnt_verbalize_her_feelings_about_the_emergency_conditions,68506
data/TRAIN/DR7/MCRE0/SX221.WAV,cory_attacked_the_project_with_extra_determination,52942
data/TRAIN/DR7/MGSL0/SI534.WAV,he_earnestly_urged_a_cease_fire,37172
data/TRAIN/DR2/MDSS0/SX81.WAV,its_impossible_to_deal_with_bureaucracy,33076
data/TRAIN/DR2/FAEM0/SX222.WAV,you_always_come_up_with_pathological_examples,43213
data/TRAIN/DR3/MDLC0/SI765.WAV,turn_shaker_upside_down,36148
data/TRAIN/DR2/MCEW0/SI2072.WAV,he_reached_once_more_into_the_carpet_bag_and_brought_up_a_package_of_wieners,67277
data/TRAIN/DR7/MGSL0/SX354.WAV,a_lawyer_was_appointed_to_execute_her_will,47208
data/TRAIN/DR4/MRGM0/SX416.WAV,a_huge_power_outage_rarely_occurs,45467
data/TRAIN/DR5/MHIT0/SI1613.WAV,that_would_make_him_mad_enough_if_he_was_sober,46797
data/TRAIN/DR3/MCAL0/SI1768.WAV,the_clerks_eyes_flickered,25601
data/TRAIN/DR8/MMWS0/SI559.WAV,they_seem_darned_proud_of_it,32154
data/TRAIN/DR4/MLJC0/SX325.WAV,the_full_moon_shone_brightly_that_night,42292
data/TRAIN/DR1/MTRR0/SX18.WAV,alimony_harms_a_divorced_mans_wealth,44442
data/TRAIN/DR5/MGSH0/SX6.WAV,bright_sunshine_shimmers_on_the_ocean,43623
data/TRAIN/DR6/FAPB0/SI2323.WAV,when_we_left_washington_his_son_tad_was_ill_and_mrs_lincoln_hysterical,88372
data/TRAIN/DR2/MJRP0/SX315.WAV,bob_found_more_clams_at_the_oceans_edge,42804
data/TRAIN/DR4/MAEB0/SX90.WAV,the_thinker_is_a_famous_sculpture,31130
data/TRAIN/DR7/MPFU0/SI628.WAV,it_all_takes_place_in_the_eighteenth_century,38810
data/TRAIN/DR7/FCJS0/SX257.WAV,we_are_open_every_monday_evening,28468
data/TRAIN/DR2/MRJH0/SI1519.WAV,the_thought_came_back_the_one_nagging_at_him_these_past_four_days,75776
data/TRAIN/DR5/FEAR0/SI1252.WAV,development_requires_a_long_term_approach,41575
data/TRAIN/DR4/FPAF0/SX334.WAV,often_youll_get_back_more_than_you_put_in,46183
data/TRAIN/DR7/MKDB0/SI588.WAV,why_do_we_need_bigger_and_better_bombs,36864
data/TRAIN/DR5/MREW1/SI1500.WAV,yet_even_that_explosion_did_not_mean_much,40653
data/TRAIN/DR3/MMJB1/SI2038.WAV,he_murmured_to_himself_with_firmness_no_surrender,54887
data/TRAIN/DR4/MTQC0/SX451.WAV,the_thick_elm_forest_was_nearly_overwhelmed_by_dutch_elm_disease,82228
data/TRAIN/DR3/MMAM0/SI1668.WAV,oh_no_not_again_he_said_aloud,35431
data/TRAIN/DR2/MKDT0/SX173.WAV,whoever_cooperates_in_finding_nans_cameo_will_be_rewarded,61338
data/TRAIN/DR1/FDML0/SI1779.WAV,they_used_pink_tan_or_cream_powder,40552
data/TRAIN/DR8/FCEG0/SI1248.WAV,the_trouble_is_that_like_many_symbols_it_doesnt_seem_a_very_realistic_one,57447
data/TRAIN/DR6/MCAE0/SX187.WAV,they_often_go_out_in_the_evening,36455
data/TRAIN/DR1/FJSP0/SX354.WAV,a_lawyer_was_appointed_to_execute_her_will,43828
data/TRAIN/DR6/FHXS0/SX85.WAV,cement_is_measured_in_cubic_yards,45876
data/TRAIN/DR3/MCEF0/SX145.WAV,too_much_curiosity_can_get_you_into_trouble,40960
data/TRAIN/DR5/MRML0/SX251.WAV,we_apply_auditory_modeling_to_computer_speech_recognition,73319
data/TRAIN/DR2/MTBC0/SX347.WAV,the_patient_and_the_surgeon_are_both_recuperating_from_the_lengthy_operation,61440
data/TRAIN/DR7/FREH0/SX415.WAV,move_the_garbage_nearer_to_the_large_window,33280
data/TRAIN/DR5/MJRG0/SX352.WAV,according_to_my_interpretation_of_the_problem_two_lines_must_be_perpendicular,69530
data/TRAIN/DR3/MAKR0/SX362.WAV,the_annoying_raccoons_slipped_into_phils_garden_every_night,43828
data/TRAIN/DR5/MDSJ0/SX22.WAV,when_all_else_fails_use_force,36660
data/TRAIN/DR4/FJXP0/SX132.WAV,publicity_and_notoriety_go_hand_in_hand,38811
data/TRAIN/DR1/MWAD0/SI1749.WAV,nevertheless_its_true,18842
data/TRAIN/DR6/MTJU0/SI2269.WAV,could_it_do_otherwise,24269
data/TRAIN/DR3/MRJB1/SX390.WAV,he_picked_up_nine_pairs_of_socks_for_each_brother,58061
data/TRAIN/DR2/MCTM0/SX450.WAV,roy_ignored_the_spurious_data_points_in_drawing_the_graph,51815
data/TRAIN/DR4/MFWK0/SX439.WAV,that_stinging_vapor_was_caused_by_chloride_vaporization,54170
data/TRAIN/DR3/MDBB1/SX376.WAV,women_may_never_become_completely_equal_to_men,45876
data/TRAIN/DR1/FSJK1/SX125.WAV,westchester_is_a_county_in_new_york,36250
data/TRAIN/DR8/FBCG1/SI1612.WAV,theyve_never_met_you_know,23962
data/TRAIN/DR4/MLBC0/SX69.WAV,eat_your_raisins_outdoors_on_the_porch_steps,43213
data/TRAIN/DR2/MRFK0/SX266.WAV,withdraw_only_as_much_money_as_you_need,34304
data/TRAIN/DR8/FCLT0/SI808.WAV,a_site_may_also_be_attractive_just_through_the_beauty_of_its_trees_and_shrubs,70861
data/TRAIN/DR8/FCEG0/SX258.WAV,the_essay_undeniably_reflects_our_view_ably,41268
data/TRAIN/DR5/MMVP0/SI654.WAV,yet_it_exists_and_has_an_objective_reality_which_can_be_experienced_and_known,107418
data/TRAIN/DR4/FEEH0/SI471.WAV,suddenly_my_reflexes_are_gone,39937